url,idPelicula
https://www.youtube.com/watch?v=azjsS0wxTA8,1
https://i.pinimg.com/originals/cb/b2/9e/cbb29ee7f60b07e34a4bc68cb73cf72e.jpg.jpeg,1
https://i.ytimg.com/vi/dnRCmvp4lUs/maxresdefault.jpg,2
https://img2.rtve.es/v/3947020/square/?h=400,2
https://www.youtube.com/watch?v=XpMjfUJ1lUc,2
https://occ-0-420-444.1.nflxso.net/dnm/api/v6/6gmvu2hxdfnQ55LZZjyzYR4kzGk/AAAABT98NMQ1fncafn7c_cfonjz1W59-H118x_ZmgtTZAEJZvnKumN-R-cvt8zf40O3RC0vj14brvWQto50WSJTjpfiQ3A9iDu90Hrd2.jpg,3
https://lwlies.com/wp-content/uploads/2022/07/Men-in-Black.jpg,3
https://media.tenor.com/OudZ6DL3rCgAAAAC/%D0%B9%D0%BE%D0%BA%D0%B5%D0%BB%D0%B5%D0%BC%D0%B5%D0%BD%D0%B5-men-in-black.gif,3
http://31.media.tumblr.com/27190afaa5457c75524587de5ecac79a/tumblr_nihnccAk5B1rp0vkjo1_500.gif,3
https://prod-ripcut-delivery.disney-plus.net/v1/variant/disney/87BB758D1B37CF9139645D17E74B8C59B9028601029DAAEC1EBC55F07D8CE028/scale?width=1200&aspectRatio=1.78&format=jpeg,4
https://www.mubis.es/media/users/8519/59014/los-vengadores-fase-1-iron-man-3-cover-original.jpg,4
https://static.wixstatic.com/media/bbe740_3ad37112c6fb47259c9b9781317b9153~mv2.gif,4
http://i.imgur.com/hY2ls.gif,4
https://cdn.marvel.com/content/1x/002irm_ons_mas_mob_01_0.jpg,5
https://gh.cdn.sewest.net/assets/ident/news/e80b73da/Avenger_Blog_IronMan_Imagery4-ho31fqax6.jpg,5
https://i.pinimg.com/originals/01/d9/ed/01d9edc3640438cfe4cecaca1ff371be.gif,5
https://hips.hearstapps.com/hmg-prod/images/giphy-1525292202.gif,5
https://semiovoxprd.wpengine.com/wp-content/uploads/2020/11/tenor-3-1.gif,5
https://www.gizmodo.com.au/wp-content/uploads/sites/2/2016/05/10/x9cqqwxoan7rwj2x52zb.gif,5
https://a.ltrbxd.com/resized/sm/upload/7i/ax/k3/ql/black-swan-1200-1200-675-675-crop-000000.jpg,6
https://i.ytimg.com/vi/O5WQWeC6buc/sddefault.jpg,6
https://pa1.narvii.com/6638/0807f84cd9ac5589f002fa75a41e335f97b3c5e4_hq.gif,6
https://i.pinimg.com/originals/f8/5c/51/f85c519c4bd61ca5ce0f33c65b49a973.gif,6
https://film-book.com/wp-content/uploads/2016/09/jumanji-board-game-cover-01-600x350.jpg,7
https://cdn.sincroguia.tv/uploads/programs/j/u/m/jumanji-siguiente-nivel-757061_SPA-58.jpg,7
https://uvn-brightspot.s3.amazonaws.com/assets/vixes/j/jumanji-3.gif,7
https://www.laguiadelvaron.com/wp-content/uploads/2016/04/tumblr.com-tumblr_o4x812gtbL1si4lgyo1_r1_500.gif,7
https://viraltiempobullet.files.wordpress.com/2015/04/jumanji.gif,7
https://imagenes.20minutos.es/files/og_thumbnail/uploads/imagenes/2021/06/30/el-diablo-viste-de-prada-2006.jpeg,8
https://i.pinimg.com/originals/9d/d0/cb/9dd0cbf68e4815dce9c87bfb56c9256f.gif,8
https://imdb-video.media-imdb.com/vi2514728473/1434659607842-pgv4ql-1478184782082.mp4?Expires=1678426219&Signature=aLYuiC80GFIlTMYvYN-BHUserWZkrs0g~niz39uMqFLxhIDDmCMlur1UJo11ojQ2TWtaQreyFrVnrsZ93SEzyZzjt7uXSzPiZxM61Q4DO6AUtaT2KkdNDrCvz~W9jvJ2Wf-lxgRVx7IANmm8Xy5xTHFdHf3Mc0o5uIo~20wCiGgfQG~JKBi4JFKydxnwLteDUtPuUrYMf8HmlFRJLN~S~cDhhqSjU0hix-ll01S5DoF9qyseg~4EYggRbWojQK78afDlnhH6SHs5JPkBLvKhPH1c7KLeXFUPggKALrF1LwH9yuA1su7~r9hNPPSZW0N4tzS3LSD-~aeC6LEVigIXvg__&Key-Pair-Id=APKAIFLZBVQZ24NQH3KA,15
https://imdb-video.media-imdb.com/vi3115057433/1434659607842-pgv4ql-1563467990347.mp4?Expires=1678426814&Signature=Ze~ddzWD0a7ePV0IATan3vKdj1QDNlkQDJUTZfXWaviFN4cSRlNDahWNfpM2fPqB3N9jISSO46~sTRDjG2nM5rb~TS6HSS6k9xYawK4d8WboQW-3J87zJtQlX5ao9LEWG0KzRi7d~nRx1ZIa02I3VwgAPnVcWql2ezoxLhq0v4ozIGKLZWieEAnCRNCpno6hF~rKvhC4XDEqVx1MvbOz1Z2Fu-CzEaga8vAXSKXpUoODU3II1PVdZrrj2r18MXwFp7hXFRyYizddc1cGABBdRsneEzukfFf2ptf~8G85vqq0FW~upVT26vudWu06XOyroR04MZfdWLj0h46f1trTOw__&Key-Pair-Id=APKAIFLZBVQZ24NQH3KA,16